iteration,restart,operator,score,j1,j2_s,estimated_blackout_s,routes
1,0,communication_hard_route_reorder,1.9302729428818581,0.0,7483.751393770081,18437.956070096996,26
10,0,communication_hard_route_reorder,1.9302729428818581,0.0,7483.751393770081,18437.956070096996,26
20,0,q2_alns_mutation,1.9302729428818581,0.0,7483.751393770081,18437.956070096996,26
30,0,communication_hard_route_reorder,1.9302729428818581,0.0,7483.751393770081,18437.956070096996,26
40,0,communication_hard_route_reorder,1.9302729428818581,0.0,7483.751393770081,18437.956070096996,26
50,0,q2_alns_mutation,1.9302729428818581,0.0,7483.751393770081,18437.956070096996,26
60,0,relay_conflict_reorder,1.9302729428818581,0.0,7483.751393770081,18437.956070096996,26
70,0,communication_hard_route_reorder,1.9302729428818581,0.0,7483.751393770081,18437.956070096996,26
80,0,communication_hard_route_reorder,1.9302729428818581,0.0,7483.751393770081,18437.956070096996,26
90,0,relay_conflict_reorder,1.9302729428818581,0.0,7483.751393770081,18437.956070096996,26
100,0,low_link_margin_removal,1.9302729428818581,0.0,7483.751393770081,18437.956070096996,26
110,0,q2_alns_mutation,1.9302729428818581,0.0,7483.751393770081,18437.956070096996,26
120,0,low_link_margin_removal,1.9302729428818581,0.0,7483.751393770081,18437.956070096996,26
130,0,q2_alns_mutation,1.9302729428818581,0.0,7483.751393770081,18437.956070096996,26
140,0,worst_communication_removal,1.9302729428818581,0.0,7483.751393770081,18437.956070096996,26
150,0,communication_hard_route_reorder,1.9302729428818581,0.0,7483.751393770081,18437.956070096996,26
160,0,communication_hard_route_reorder,1.9302729428818581,0.0,7483.751393770081,18437.956070096996,26
170,0,communication_hard_route_reorder,1.9302729428818581,0.0,7483.751393770081,18437.956070096996,26
180,0,communication_hard_route_reorder,1.9302729428818581,0.0,7483.751393770081,18437.956070096996,26
190,0,communication_hard_route_reorder,1.9302729428818581,0.0,7483.751393770081,18437.956070096996,26
200,0,communication_hard_route_reorder,1.9302729428818581,0.0,7483.751393770081,18437.956070096996,26
210,0,communication_hard_route_reorder,1.9302729428818581,0.0,7483.751393770081,18437.956070096996,26
220,0,relay_conflict_reorder,1.9302729428818581,0.0,7483.751393770081,18437.956070096996,26
230,0,communication_hard_route_reorder,1.9302729428818581,0.0,7483.751393770081,18437.956070096996,26
240,0,communication_hard_route_reorder,1.9302729428818581,0.0,7483.751393770081,18437.956070096996,26
250,0,worst_communication_removal,1.9302729428818581,0.0,7483.751393770081,18437.956070096996,26
260,0,q2_alns_mutation,1.9302729428818581,0.0,7483.751393770081,18437.956070096996,26
270,0,worst_communication_removal,1.9302729428818581,0.0,7483.751393770081,18437.956070096996,26
280,0,communication_hard_route_reorder,1.9302729428818581,0.0,7483.751393770081,18437.956070096996,26
290,0,worst_communication_removal,1.9302729428818581,0.0,7483.751393770081,18437.956070096996,26
300,0,worst_communication_removal,1.9302729428818581,0.0,7483.751393770081,18437.956070096996,26
310,0,q2_alns_mutation,1.9302729428818581,0.0,7483.751393770081,18437.956070096996,26
320,0,low_link_margin_removal,1.9302729428818581,0.0,7483.751393770081,18437.956070096996,26
330,0,low_link_margin_removal,1.9302729428818581,0.0,7483.751393770081,18437.956070096996,26
340,1,low_link_margin_removal,1.9302729428818581,0.0,7483.751393770081,18437.956070096996,26
350,1,low_link_margin_removal,1.9302729428818581,0.0,7483.751393770081,18437.956070096996,26
360,1,low_link_margin_removal,1.9302729428818581,0.0,7483.751393770081,18437.956070096996,26
370,1,low_link_margin_removal,1.9302729428818581,0.0,7483.751393770081,18437.956070096996,26
380,1,low_link_margin_removal,1.9302729428818581,0.0,7483.751393770081,18437.956070096996,26
390,1,low_link_margin_removal,1.9302729428818581,0.0,7483.751393770081,18437.956070096996,26
400,1,low_link_margin_removal,1.9302729428818581,0.0,7483.751393770081,18437.956070096996,26
410,1,worst_communication_removal,1.9302729428818581,0.0,7483.751393770081,18437.956070096996,26
420,1,q2_alns_mutation,1.9302729428818581,0.0,7483.751393770081,18437.956070096996,26
430,1,q2_alns_mutation,1.9302729428818581,0.0,7483.751393770081,18437.956070096996,26
440,1,communication_hard_route_reorder,1.9302729428818581,0.0,7483.751393770081,18437.956070096996,26
450,1,communication_hard_route_reorder,1.9302729428818581,0.0,7483.751393770081,18437.956070096996,26
460,1,communication_hard_route_reorder,1.9302729428818581,0.0,7483.751393770081,18437.956070096996,26
470,1,communication_hard_route_reorder,1.9302729428818581,0.0,7483.751393770081,18437.956070096996,26
480,1,communication_hard_route_reorder,1.9302729428818581,0.0,7483.751393770081,18437.956070096996,26
490,1,communication_hard_route_reorder,1.9302729428818581,0.0,7483.751393770081,18437.956070096996,26
500,1,communication_hard_route_reorder,1.9302729428818581,0.0,7483.751393770081,18437.956070096996,26
510,1,communication_hard_route_reorder,1.9302729428818581,0.0,7483.751393770081,18437.956070096996,26
520,1,communication_hard_route_reorder,1.9302729428818581,0.0,7483.751393770081,18437.956070096996,26
530,1,communication_hard_route_reorder,1.9302729428818581,0.0,7483.751393770081,18437.956070096996,26
540,1,communication_hard_route_reorder,1.9302729428818581,0.0,7483.751393770081,18437.956070096996,26
550,1,communication_hard_route_reorder,1.9302729428818581,0.0,7483.751393770081,18437.956070096996,26
560,1,communication_hard_route_reorder,1.9302729428818581,0.0,7483.751393770081,18437.956070096996,26
570,1,low_link_margin_removal,1.9302729428818581,0.0,7483.751393770081,18437.956070096996,26
580,1,communication_hard_route_reorder,1.9302729428818581,0.0,7483.751393770081,18437.956070096996,26
590,1,communication_hard_route_reorder,1.9302729428818581,0.0,7483.751393770081,18437.956070096996,26
600,1,low_link_margin_removal,1.9302729428818581,0.0,7483.751393770081,18437.956070096996,26
610,1,communication_hard_route_reorder,1.9302729428818581,0.0,7483.751393770081,18437.956070096996,26
620,1,low_link_margin_removal,1.9302729428818581,0.0,7483.751393770081,18437.956070096996,26
630,1,worst_communication_removal,1.9302729428818581,0.0,7483.751393770081,18437.956070096996,26
640,1,worst_communication_removal,1.9302729428818581,0.0,7483.751393770081,18437.956070096996,26
650,1,communication_hard_route_reorder,1.9302729428818581,0.0,7483.751393770081,18437.956070096996,26
660,1,communication_hard_route_reorder,1.9302729428818581,0.0,7483.751393770081,18437.956070096996,26
670,2,communication_hard_route_reorder,1.9302729428818581,0.0,7483.751393770081,18437.956070096996,26
680,2,communication_hard_route_reorder,1.9302729428818581,0.0,7483.751393770081,18437.956070096996,26
690,2,worst_communication_removal,1.9302729428818581,0.0,7483.751393770081,18437.956070096996,26
700,2,communication_hard_route_reorder,1.9302729428818581,0.0,7483.751393770081,18437.956070096996,26
710,2,communication_hard_route_reorder,1.9302729428818581,0.0,7483.751393770081,18437.956070096996,26
720,2,communication_hard_route_reorder,1.9302729428818581,0.0,7483.751393770081,18437.956070096996,26
730,2,worst_communication_removal,1.9302729428818581,0.0,7483.751393770081,18437.956070096996,26
740,2,worst_communication_removal,1.9302729428818581,0.0,7483.751393770081,18437.956070096996,26
750,2,communication_hard_route_reorder,1.9302729428818581,0.0,7483.751393770081,18437.956070096996,26
760,2,worst_communication_removal,1.9302729428818581,0.0,7483.751393770081,18437.956070096996,26
770,2,worst_communication_removal,1.9302729428818581,0.0,7483.751393770081,18437.956070096996,26
780,2,relay_conflict_reorder,1.9302729428818581,0.0,7483.751393770081,18437.956070096996,26
790,2,worst_communication_removal,1.9302729428818581,0.0,7483.751393770081,18437.956070096996,26
800,2,communication_hard_route_reorder,1.9302729428818581,0.0,7483.751393770081,18437.956070096996,26
810,2,communication_hard_route_reorder,1.9302729428818581,0.0,7483.751393770081,18437.956070096996,26
820,2,communication_hard_route_reorder,1.9302729428818581,0.0,7483.751393770081,18437.956070096996,26
830,2,communication_hard_route_reorder,1.9302729428818581,0.0,7483.751393770081,18437.956070096996,26
840,2,low_link_margin_removal,1.9302729428818581,0.0,7483.751393770081,18437.956070096996,26
850,2,communication_hard_route_reorder,1.9302729428818581,0.0,7483.751393770081,18437.956070096996,26
860,2,communication_hard_route_reorder,1.9302729428818581,0.0,7483.751393770081,18437.956070096996,26
870,2,communication_hard_route_reorder,1.9302729428818581,0.0,7483.751393770081,18437.956070096996,26
880,2,communication_hard_route_reorder,1.9302729428818581,0.0,7483.751393770081,18437.956070096996,26
890,2,communication_hard_route_reorder,1.9302729428818581,0.0,7483.751393770081,18437.956070096996,26
900,2,communication_hard_route_reorder,1.9302729428818581,0.0,7483.751393770081,18437.956070096996,26
910,2,communication_hard_route_reorder,1.9302729428818581,0.0,7483.751393770081,18437.956070096996,26
920,2,communication_hard_route_reorder,1.9302729428818581,0.0,7483.751393770081,18437.956070096996,26
930,2,communication_hard_route_reorder,1.9302729428818581,0.0,7483.751393770081,18437.956070096996,26
940,2,communication_hard_route_reorder,1.9302729428818581,0.0,7483.751393770081,18437.956070096996,26
950,2,q2_alns_mutation,1.9302729428818581,0.0,7483.751393770081,18437.956070096996,26
960,2,communication_hard_route_reorder,1.9302729428818581,0.0,7483.751393770081,18437.956070096996,26
970,2,low_link_margin_removal,1.9302729428818581,0.0,7483.751393770081,18437.956070096996,26
980,2,q2_alns_mutation,1.9302729428818581,0.0,7483.751393770081,18437.956070096996,26
990,2,worst_communication_removal,1.9302729428818581,0.0,7483.751393770081,18437.956070096996,26
1000,2,relay_conflict_reorder,1.9302729428818581,0.0,7483.751393770081,18437.956070096996,26
1010,3,communication_hard_route_reorder,1.9302729428818581,0.0,7483.751393770081,18437.956070096996,26
1020,3,communication_hard_route_reorder,1.9302729428818581,0.0,7483.751393770081,18437.956070096996,26
1030,3,communication_hard_route_reorder,1.9302729428818581,0.0,7483.751393770081,18437.956070096996,26
1040,3,communication_hard_route_reorder,1.9302729428818581,0.0,7483.751393770081,18437.956070096996,26
1050,3,communication_hard_route_reorder,1.9302729428818581,0.0,7483.751393770081,18437.956070096996,26
1060,3,communication_hard_route_reorder,1.9302729428818581,0.0,7483.751393770081,18437.956070096996,26
1070,3,communication_hard_route_reorder,1.9302729428818581,0.0,7483.751393770081,18437.956070096996,26
1080,3,communication_hard_route_reorder,1.9302729428818581,0.0,7483.751393770081,18437.956070096996,26
1090,3,communication_hard_route_reorder,1.9302729428818581,0.0,7483.751393770081,18437.956070096996,26
1100,3,communication_hard_route_reorder,1.9302729428818581,0.0,7483.751393770081,18437.956070096996,26
1110,3,communication_hard_route_reorder,1.9302729428818581,0.0,7483.751393770081,18437.956070096996,26
1120,3,communication_hard_route_reorder,1.9302729428818581,0.0,7483.751393770081,18437.956070096996,26
1130,3,communication_hard_route_reorder,1.9302729428818581,0.0,7483.751393770081,18437.956070096996,26
1140,3,worst_communication_removal,1.9302729428818581,0.0,7483.751393770081,18437.956070096996,26
1150,3,communication_hard_route_reorder,1.9302729428818581,0.0,7483.751393770081,18437.956070096996,26
1160,3,communication_hard_route_reorder,1.9302729428818581,0.0,7483.751393770081,18437.956070096996,26
1170,3,communication_hard_route_reorder,1.9302729428818581,0.0,7483.751393770081,18437.956070096996,26
1180,3,low_link_margin_removal,1.9302729428818581,0.0,7483.751393770081,18437.956070096996,26
1190,3,worst_communication_removal,1.9302729428818581,0.0,7483.751393770081,18437.956070096996,26
1200,3,communication_hard_route_reorder,1.9302729428818581,0.0,7483.751393770081,18437.956070096996,26
1210,3,low_link_margin_removal,1.9302729428818581,0.0,7483.751393770081,18437.956070096996,26
1220,3,communication_hard_route_reorder,1.9302729428818581,0.0,7483.751393770081,18437.956070096996,26
1230,3,relay_conflict_reorder,1.9302729428818581,0.0,7483.751393770081,18437.956070096996,26
1240,3,low_link_margin_removal,1.9302729428818581,0.0,7483.751393770081,18437.956070096996,26
1250,3,low_link_margin_removal,1.9302729428818581,0.0,7483.751393770081,18437.956070096996,26
1260,3,low_link_margin_removal,1.9302729428818581,0.0,7483.751393770081,18437.956070096996,26
1270,3,low_link_margin_removal,1.9302729428818581,0.0,7483.751393770081,18437.956070096996,26
1280,3,low_link_margin_removal,1.9302729428818581,0.0,7483.751393770081,18437.956070096996,26
1290,3,low_link_margin_removal,1.9302729428818581,0.0,7483.751393770081,18437.956070096996,26
1300,3,q2_alns_mutation,1.9302729428818581,0.0,7483.751393770081,18437.956070096996,26
1310,3,low_link_margin_removal,1.9302729428818581,0.0,7483.751393770081,18437.956070096996,26
1320,3,worst_communication_removal,1.9302729428818581,0.0,7483.751393770081,18437.956070096996,26
1330,3,q2_alns_mutation,1.9302729428818581,0.0,7483.751393770081,18437.956070096996,26
1340,4,q2_alns_mutation,1.9302729428818581,0.0,7483.751393770081,18437.956070096996,26
1350,4,communication_hard_route_reorder,1.9302729428818581,0.0,7483.751393770081,18437.956070096996,26
1360,4,communication_hard_route_reorder,1.9302729428818581,0.0,7483.751393770081,18437.956070096996,26
1370,4,communication_hard_route_reorder,1.9302729428818581,0.0,7483.751393770081,18437.956070096996,26
1380,4,communication_hard_route_reorder,1.9302729428818581,0.0,7483.751393770081,18437.956070096996,26
1390,4,communication_hard_route_reorder,1.9302729428818581,0.0,7483.751393770081,18437.956070096996,26
1400,4,communication_hard_route_reorder,1.9302729428818581,0.0,7483.751393770081,18437.956070096996,26
1410,4,communication_hard_route_reorder,1.9302729428818581,0.0,7483.751393770081,18437.956070096996,26
1420,4,communication_hard_route_reorder,1.9302729428818581,0.0,7483.751393770081,18437.956070096996,26
1430,4,communication_hard_route_reorder,1.9302729428818581,0.0,7483.751393770081,18437.956070096996,26
1440,4,communication_hard_route_reorder,1.9302729428818581,0.0,7483.751393770081,18437.956070096996,26
1450,4,communication_hard_route_reorder,1.9302729428818581,0.0,7483.751393770081,18437.956070096996,26
1460,4,communication_hard_route_reorder,1.9302729428818581,0.0,7483.751393770081,18437.956070096996,26
1470,4,communication_hard_route_reorder,1.9302729428818581,0.0,7483.751393770081,18437.956070096996,26
1480,4,communication_hard_route_reorder,1.9302729428818581,0.0,7483.751393770081,18437.956070096996,26
1490,4,relay_conflict_reorder,1.9302729428818581,0.0,7483.751393770081,18437.956070096996,26
1500,4,communication_hard_route_reorder,1.9302729428818581,0.0,7483.751393770081,18437.956070096996,26
1510,4,q2_alns_mutation,1.929339337727021,0.0,7473.200185157909,18440.386384224603,26
1520,4,q2_alns_mutation,1.929339337727021,0.0,7473.200185157909,18440.386384224603,26
1530,4,q2_alns_mutation,1.929339337727021,0.0,7473.200185157909,18440.386384224603,26
1540,4,q2_alns_mutation,1.929339337727021,0.0,7473.200185157909,18440.386384224603,26
1550,4,q2_alns_mutation,1.929339337727021,0.0,7473.200185157909,18440.386384224603,26
1560,4,q2_alns_mutation,1.929339337727021,0.0,7473.200185157909,18440.386384224603,26
1570,4,q2_alns_mutation,1.9292687418713081,0.0,7473.200185157909,18438.974467110344,26
1580,4,q2_alns_mutation,1.9291581352835803,0.0,7473.200185157909,18436.762335355786,26
1590,4,q2_alns_mutation,1.9291581352835803,0.0,7473.200185157909,18436.762335355786,26
1600,4,q2_alns_mutation,1.9291581352835803,0.0,7473.200185157909,18436.762335355786,26
1610,4,q2_alns_mutation,1.92915813528358,0.0,7473.200185157909,18436.762335355783,26
1620,4,q2_alns_mutation,1.9291581352835798,0.0,7473.200185157909,18436.76233535578,26
1630,4,q2_alns_mutation,1.9291581352835798,0.0,7473.200185157909,18436.76233535578,26
1640,4,q2_alns_mutation,1.9291581352835798,0.0,7473.200185157909,18436.76233535578,26
1650,4,q2_alns_mutation,1.9291581352835798,0.0,7473.200185157909,18436.76233535578,26
1660,4,relay_conflict_reorder,1.9291581352835798,0.0,7473.200185157909,18436.76233535578,26
1670,4,q2_alns_mutation,1.9291581352835798,0.0,7473.200185157909,18436.76233535578,26
1680,5,communication_hard_route_reorder,1.9291581352835798,0.0,7473.200185157909,18436.76233535578,26
1690,5,communication_hard_route_reorder,1.9291581352835798,0.0,7473.200185157909,18436.76233535578,26
1700,5,communication_hard_route_reorder,1.9291581352835798,0.0,7473.200185157909,18436.76233535578,26
1710,5,communication_hard_route_reorder,1.9291581352835798,0.0,7473.200185157909,18436.76233535578,26
1720,5,communication_hard_route_reorder,1.9291581352835798,0.0,7473.200185157909,18436.76233535578,26
1730,5,communication_hard_route_reorder,1.9291581352835798,0.0,7473.200185157909,18436.76233535578,26
1740,5,communication_hard_route_reorder,1.9291581352835798,0.0,7473.200185157909,18436.76233535578,26
1750,5,communication_hard_route_reorder,1.9291581352835798,0.0,7473.200185157909,18436.76233535578,26
1760,5,communication_hard_route_reorder,1.9291581352835798,0.0,7473.200185157909,18436.76233535578,26
1770,5,communication_hard_route_reorder,1.9291581352835798,0.0,7473.200185157909,18436.76233535578,26
1780,5,communication_hard_route_reorder,1.9291581352835798,0.0,7473.200185157909,18436.76233535578,26
1790,5,relay_conflict_reorder,1.9291581352835798,0.0,7473.200185157909,18436.76233535578,26
1800,5,communication_hard_route_reorder,1.9291581352835798,0.0,7473.200185157909,18436.76233535578,26
1810,5,q2_alns_mutation,1.9291581352835798,0.0,7473.200185157909,18436.76233535578,26
1820,5,worst_communication_removal,1.9291581352835798,0.0,7473.200185157909,18436.76233535578,26
1830,5,q2_alns_mutation,1.9291581352835798,0.0,7473.200185157909,18436.76233535578,26
1840,5,q2_alns_mutation,1.9291581352835798,0.0,7473.200185157909,18436.76233535578,26
1850,5,q2_alns_mutation,1.9291581352835798,0.0,7473.200185157909,18436.76233535578,26
1860,5,q2_alns_mutation,1.9291581352835798,0.0,7473.200185157909,18436.76233535578,26
1870,5,q2_alns_mutation,1.9291581352835798,0.0,7473.200185157909,18436.76233535578,26
1880,5,q2_alns_mutation,1.9291581352835798,0.0,7473.200185157909,18436.76233535578,26
1890,5,q2_alns_mutation,1.9291581352835798,0.0,7473.200185157909,18436.76233535578,26
1900,5,q2_alns_mutation,1.9291581352835798,0.0,7473.200185157909,18436.76233535578,26
1910,5,q2_alns_mutation,1.9291581352835798,0.0,7473.200185157909,18436.76233535578,26
1920,5,q2_alns_mutation,1.9291581352835798,0.0,7473.200185157909,18436.76233535578,26
1930,5,low_link_margin_removal,1.9291581352835798,0.0,7473.200185157909,18436.76233535578,26
1940,5,low_link_margin_removal,1.9291581352835798,0.0,7473.200185157909,18436.76233535578,26
1950,5,low_link_margin_removal,1.9291581352835798,0.0,7473.200185157909,18436.76233535578,26
1960,5,low_link_margin_removal,1.9291581352835798,0.0,7473.200185157909,18436.76233535578,26
1970,5,low_link_margin_removal,1.9291581352835798,0.0,7473.200185157909,18436.76233535578,26
1980,5,low_link_margin_removal,1.9291581352835798,0.0,7473.200185157909,18436.76233535578,26
1990,5,low_link_margin_removal,1.9291581352835798,0.0,7473.200185157909,18436.76233535578,26
2000,5,low_link_margin_removal,1.9291581352835798,0.0,7473.200185157909,18436.76233535578,26
